,Cluster_ID,Murder,Assault,UrbanPop,Rape
0,0,11.387500000000001,243.75,67.20833333333333,27.287500000000005
1,1,2.6166666666666667,54.833333333333336,62.0,12.333333333333334
2,2,5.0200000000000005,117.95,64.6,16.634999999999998
