"","Cluster","Premiums.Paid","Age","Days.to.Renew","Claims.made","Income","model$cluster"
"1",1,8921.25,44.6,224.3,12511.5963201,76900,1
"2",2,13455,44.8571428571429,69.6571428571429,8507.86496365714,122114.285714286,2
"3",3,22852.5,61.05,179.9,31067.7546585,153025,3
"4",4,5913,37.12,60.72,3541.48173508,54100,4
